Time_of_Day,revenue,orders,avg_ticket
Night,38186.34,1161,32.89090439276485
Afternoon,38130.04,1205,31.6431867219917
Morning,35929.2,1181,30.422692633361557
